[
    {
        "id": 1,
        "name": "APOLLO",
        "image": "PIC/tyres/1.jpg",
        "price": 3000
    },
    {
        "id": 2,
        "name": "JK ",
        "image": "PIC/tyres/2.jpg",
        "price": 2800
    },
    {
        "id": 3,
        "name": "MRF",
        "image": "PIC/tyres/3.jpg",
        "price": 2500
    },
    {
    	"id": 4,
        "name": "BRIDGESTONE",
        "image": "PIC/tyres/4.jpg",
        "price": 2500
    },
    {
    	"id": 5,
        "name": "GOOD YEAR",
        "image": "PIC/tyres/5.jpg",
        "price": 1800
    },
    {
    	"id": 6,
        "name": "BIRLA",
        "image": "PIC/tyres/all.jpg",
        "price": 4200
    },
    {
    	"id": 7,
        "name": "CEAT TYRE",
        "image": "PIC/tyres/off.jpg",
        "price": 5000
    },
    {
    	"id": 8,
        "name": "PERFORMANCE TYRE",
        "image": "PIC/tyres/performance.jpg",
        "price": 3200
    },
    {
    	"id": 9,
        "name": "SUMMER TYRE",
        "image": "PIC/tyres/summer.jpg",
        "price": 1800
    },
    {
    	"id": 10,
        "name": "WINTER TYRE",
        "image": "PIC/tyres/winter.jpg",
        "price": 2000
    },{
        "id": 11,
        "name": "Resise TYRE",
        "image": "PIC/tyres/reise.jpeg",
        "price": 12000
    }
]
